ASIN,产品名称,评论数,star数,品牌词,关键词1(品牌+产品),关键词2(品牌+型号),搜索量
B0D4DVQDR4,RENPHO Foot Massager Machine,30362,4.3,RENPHO,RENPHO Foot Massager,RENPHO Foot,待确认
B0CQ2QHHG9,RENPHO Leg Massager,7235,4.0,RENPHO,RENPHO Leg Massager,RENPHO Leg,待确认
B0CGPS5KGC,RENPHO Massage Gun,3971,4.7,RENPHO,RENPHO Massage Gun,RENPHO Massage,待确认
B0DCTS4KLS,Dog Grass Artificial Turf,2489,4.0,Dog Grass,Dog Grass Artificial Turf,Dog Grass Grass,待确认
B07ZJND4FS,Custom Coat Urethane Spray,1954,4.6,Custom Coat,Custom Coat Urethane Spray,Custom Coat Coat,待确认
B0CVQVC17N,FORM Golf Cart Charger 36V,1825,4.6,FORM,FORM Golf Cart,FORM Golf,待确认
B0CLNT8Y2G,ALLWEI Power Station,1730,4.5,ALLWEI,ALLWEI Power Station,ALLWEI Power,待确认
B0CQYM4ML1,ALLWEI Power Station 2400W,1729,4.5,ALLWEI,ALLWEI Power Station,ALLWEI Power,待确认
B01N2LP1I0,DELIE Compression Girdle,1625,4.2,DELIE,DELIE Compression Girdle,DELIE Compression,待确认
B085QKQ3HD,GROWNSY UV Sanitizer,1435,4.5,GROWNSY,GROWNSY UV Sanitizer,GROWNSY UV,待确认
B0CTXXZSML,RENPHO Foot Massager,1429,4.5,RENPHO,RENPHO Foot Massager,RENPHO Foot,待确认
B099GP11JW,Emraw Notebook,1295,4.6,Emraw,Emraw Notebook,Emraw Notebook,待确认
B0B76QSBSY,Lumos Smart Bike Helmet,1202,4.6,Lumos,Lumos Smart Bike,Lumos Smart,待确认
B07MCM8NQY,Valera Green Screen,710,4.3,Valera,Valera Green Screen,Valera Green,待确认
B07WX6MCGD,mifo Wireless Earbuds,722,4.0,mifo,mifo Wireless Earbuds,mifo Wireless,待确认
B0CN6962N1,Heavy Duty Fire Pit Tools,613,4.8,Heavy Duty,Heavy Duty Fire Pit,Heavy Duty Duty,待确认
B09GNX8GGT,Xtreme Mats Golf Cart Mat,823,4.8,Xtreme Mats,Xtreme Mats Golf Cart,Xtreme Mats Mats,待确认
B086DCVHQD,Open Goaaal Soccer Rebounder,551,4.3,Open Goaaal,Open Goaaal Soccer Rebounder,Open Goaaal Goaaal,待确认
B0CVQVGZX5,FORM Golf Cart Charger 48V,836,4.5,FORM,FORM Golf Cart,FORM Golf,待确认
B01N45MSAV,DELIE Faja Colombiana,202,4.1,DELIE,DELIE Faja Colombiana,DELIE Faja,待确认
B0C42GHHCJ,Aiwa Portable Boombox,396,4.1,Aiwa,Aiwa Portable Boombox,Aiwa Portable,待确认
B0CVQVLC8L,FORM Golf Charger,516,4.4,FORM,FORM Golf Charger,FORM Golf,待确认
B07H23Z7XT,Berkling Tools Grinder,148,4.3,Berkling Tools,Berkling Tools Grinder,Berkling Tools Tools,待确认
B097C6HN17,GAMMA+ Trimmer,154,4.0,GAMMA+,GAMMA+ Trimmer,GAMMA+ Trimmer,待确认
B07F1SCZ39,Smart Hydroponics Growing,358,4.0,Smart Hydro,Smart Hydro ponics Growing,Smart Hydro Hydroponics,待确认
B09TJZSFJ9,WYRESTORM 4K Webcam,106,4.1,WYRESTORM,WYRESTORM 4K Webcam,WYRESTORM 4K,待确认
B086QJVHVD,ULTRALOQ Smart Lock,128,4.4,ULTRALOQ,ULTRALOQ Smart Lock,ULTRALOQ Smart,待确认
B0DBHKHPDX,DC HOUSE Golf Cart Battery,181,4.5,DC HOUSE,DC HOUSE Golf Cart,DC HOUSE HOUSE,待确认
B0BQFWJ9JJ,ALLWEI Solar Generator 2400W,138,4.4,ALLWEI,ALLWEI Solar Generator,ALLWEI Solar,待确认
B0CZ3T561W,ALLWEI Solar Generator 1200W,138,4.4,ALLWEI,ALLWEI Solar Generator,ALLWEI Solar,待确认
B0BQFXVGNZ,ALLWEI Solar Generator,138,4.4,ALLWEI,ALLWEI Solar Generator,ALLWEI Solar,待确认
B0CRLCHMDF,Open Goaaal Soccer Goal Net,557,4.3,Open Goaaal,Open Goaaal Soccer Goal,Open Goaaal Goaaal,待确认
B085QNDTMC,Open Goaaal Soccer Goal,559,4.3,Open Goaaal,Open Goaaal Soccer Goal,Open Goaaal Goaaal,待确认
B0CRLYVD9J,Lumos Fly Pro Bike Helmet,344,4.5,Lumos,Lumos Fly Pro,Lumos Fly,待确认
B08LLFRJ1R,GAMMA+ Cordless Dremel,319,4.1,GAMMA+,GAMMA+ Cordless Dremel,GAMMA+ Cordless,待确认
B0DBLBW268,Yaber K3 Projector,270,4.3,Yaber,Yaber K3 Projector,Yaber K3,待确认
B0B31HR98C,ZAFRO Dehumidifier,250,4.2,ZAFRO,ZAFRO Dehumidifier,ZAFRO Dehumidifier,待确认
B0CXBRXD4G,PIURIFY Hydrogen Bottle,124,4.5,PIURIFY,PIURIFY Hydrogen Bottle,PIURIFY Hydrogen,待确认
B0BH9B8NMF,Custom Coat Spray,483,4.6,Custom Coat,Custom Coat Spray,Custom Coat Coat,待确认
B094YKL3GG,Custom Shop Primer,192,4.6,Custom Shop,Custom Shop Primer,Custom Shop Shop,待确认
B07PW96DP4,Custom Shop Epoxy Primer,491,4.0,Custom Shop,Custom Shop Epoxy Primer,Custom Shop Shop,待确认
B089JGWDHK,Custom Shop Rubberize,104,4.4,Custom Shop,Custom Shop Rubberize,Custom Shop Shop,待确认
B07KPNK69R,Open Goaaal Rebounder,558,4.3,Open Goaaal,Open Goaaal Rebounder,Open Goaaal Goaaal,待确认
B0CWSCD9C9,FORM Golf Charger 48V,262,4.6,FORM,FORM Golf Charger,FORM Golf,待确认
B0D9C1PTFT,FORM Golf Charger,171,4.5,FORM,FORM Golf Charger,FORM Golf,待确认
B079THJH1W,Open Goaaal Rebounder,559,4.3,Open Goaaal,Open Goaaal Rebounder,Open Goaaal Goaaal,待确认
