ASIN,品牌,佣金率,评论,关键词,搜索量
B07H8SYS3F,Sterilite,13%,14102,Sterilite product,待API查询
B08HPGHP26,DeWitt,13%,4889,DeWitt product,待API查询
B07HGK6MK9,DeWitt Company,13%,4889,DeWitt Company product,待API查询
B07CZTLN2V,DeWitt,13%,4889,DeWitt product,待API查询
B07HGKYJDP,DeWitt,11%,4889,DeWitt product,待API查询
B0744B55QV,Autel,10%,3838,Autel product,待API查询
B07F3FTJCM,Intex,10%,3743,Intex product,待API查询
B09TV1XPDD,SABRENT,10%,3233,SABRENT product,待API查询
B0B5LYD86K,SCHMÉCKÉ,10%,3176,SCHMÉCKÉ product,待API查询
B08LQL8ZWD,Baby Trend,10%,2863,Baby Trend product,待API查询
B083V6B596,DeWitt,12%,2589,DeWitt product,待API查询
B08HR6VVRR,DeWitt,13%,2589,DeWitt product,待API查询
B07DHT1LDJ,DeWitt,13%,2589,DeWitt product,待API查询
B084SX2X9S,DeWitt,13%,2589,DeWitt product,待API查询
B0B64L9KFP,DeWitt,10%,2579,DeWitt product,待API查询
B0FGW29C77,Intex,10%,2494,Intex product,待API查询
B0FRHZK2B8,Intex,11%,2493,Intex product,待API查询
B07G2FGDKW,Bestway,10%,1982,Bestway product,待API查询
B0CZCR7ZYT,ARCADE1UP,12%,1137,ARCADE1UP product,待API查询
B0DFF7SSMW,JOYBERRI,18%,1123,JOYBERRI product,待API查询
B0DFDSZLCP,JOYBERRI,18%,1123,JOYBERRI product,待API查询
B0DLLJP9M7,JOYBERRI,18%,1123,JOYBERRI product,待API查询
B0CK3NRW4D,JOYBERRI,18%,1123,JOYBERRI product,待API查询
B0DTWPH6LL,Premium Chicken Sand,10%,1077,Premium Chicken Sand product,待API查询
B07F3DNWYP,Intex,13%,956,Intex product,待API查询
B01M3V0NYL,Sterilite,13%,753,Sterilite product,待API查询
B0FLM158QS,JumpSport,10%,659,JumpSport product,待API查询
B08BJCGK3J,Ivation,10%,604,Ivation product,待API查询
B0CRLCHMDF,Open Goaaal,18%,557,Open Goaaal product,待API查询
B00MWWO5AK,Rev-A-Shelf,13%,507,Rev-A-Shelf product,待API查询
