ASIN,品牌,佣金,评论,关键词,搜索量,CPC
B07F3DNWYP,Intex,13%,956,intex pool,49500,
B0CRLCHMDF,Open Goaaal,18%,557,soccer goal,49500,
B0CZCR7ZYT,ARCADE1UP,12%,1137,amazon cart,27100,
B0DFF7SSMW,JOYBERRI,18%,1123,amazon cart,27100,
B0DFDSZLCP,JOYBERRI,18%,1123,amazon cart,27100,
B0DLLJP9M7,JOYBERRI,18%,1123,amazon cart,27100,
B08HPGHP26,DeWitt,13%,4889,weed barrier fabric,14800,
B083V6B596,DeWitt,12%,2589,weed barrier fabric,14800,
B08HR6VVRR,DeWitt,13%,2589,weed barrier fabric,14800,
B07DHT1LDJ,DeWitt,13%,2589,weed barrier fabric,14800,
B07HGK6MK9,DeWitt Company,13%,4889,weed barrier fabric,14800,
B07CZTLN2V,DeWitt,13%,4889,weed barrier fabric,14800,
B07H8SYS3F,Sterilite,13%,14102,under bed storage bins,12100,
B0B5LYD86K,SCHMÉCKÉ,10%,3176,dual zone wine fridge,8100,
B0DTWPH6LL,Premium Chicken Sand,10%,1077,chicken bedding,4400,
B07G2FGDKW,Bestway,10%,1982,bestway steel pro max,4400,
B07F3FTJCM,Intex,10%,3743,intex rectangular pool,2400,
B09TV1XPDD,SABRENT,10%,3233,hdd docking station,2400,
B0FGW29C77,Intex,10%,2494,intex ultra xtr,1600,
B0FRHZK2B8,Intex,11%,2493,intex ultra xtr,1600,
