ASIN,product_name,company_name,price,total_reviews,avg_rating
B0BQFXVGNZ,"ALLWEI LiFePO4 Solar Generator 2400W with 2x 200W Solar Panels & B200 PRO Expansion Battery, 2048Wh Portable Power Station, Fast Charge in 1.5H, UPS Battery Backup for RV Camping Home Off-Grid",ALLWEI,2488.0,138.0,4.4
B0BQFWJ9JJ,"ALLWEI LiFePO4 Solar Generator 2400W with 2x 200W Solar Panels, 2048Wh Portable Power Station, Fast Charge in 1.5H, 4 AC Outlet, Home Battery Backup for RV Outdoor Camping Emergency Power Outage",ALLWEI,1648.0,138.0,4.4
B0CZ3T561W,"ALLWEI LiFePO4 Solar Generator 1200W with 2 * 200W Solar Panel, 1008Wh Portable Power Station, Fast Charge in 1.5H, 4 AC Outlet, Solar Power Battery Generator for CPAP RV Outdoor Camping Home Use",ALLWEI,1159.0,138.0,4.4
B0CCJJSS4Y,ENGWE Upgrade Folding Electric Bicycle for Adults 750W 48V16Ah Build-in Lithium Large Battey Long Range 20 * 4.0INCH Fat Tire E-Bike All Terrien Mountain Snow Beach City Cruiser Bike Engine Pro Grey,ENGWE,899.0,99.0,4.2
B0CLNT8Y2G,"ALLWEI LiFePO4 Portable Power Station 1200W, 1008Wh Solar Generator with UPS Mode, 1.5Hrs Fast Charge, 4 AC Outlet(Surge 2400W), Power Battery Generator for CPAP Camping Outdoor Emergency",ALLWEI,589.0,1730.0,4.5
B0CRLCHMDF,Open Goaaal Soccer Goal Net & Soccer Backstop Net with Rebounder - Soccer Nets for Backyard All in One - Full Size,Open Goaaal,499.99,557.0,4.3
B085QNDTMC,Open Goaaal Soccer Goal Net & Soccer Backstop Net with Rebounder - Soccer Nets for Backyard All in One & Practice Targets - Soccer Goals for Backyard - Large Size (2 Pack),Open Goaaal,329.99,559.0,4.3
B079THZYKF,Open Goaaal Soccer Goal Net & Soccer Backstop Net with Rebounder - Soccer Nets for Backyard All in One - Soccer Goals for Backyard - Large Size,Open Goaaal,314.0,559.0,4.3
B0CVQVGZX5,"FORM 48 Volt Golf Cart Battery Charger for EZGO RXV & TXT Golf Cart - 48V Lithium, LiFePO4, Lead Acid - Elite Version",FORM,299.95,836.0,4.5
B0CVQVLC8L,"FORM 48 Volt Golf Cart Battery Charger for Club Car Precedent & DS - 48V 15 AMP Lithium, LiFePO4, Lead Acid - Elite Version",FORM,299.95,516.0,4.4
B085QNYKK5,Open Goaaal Soccer Goal Net & Soccer Backstop Net with Rebounder - Soccer Nets for Backyard All in One & Practice Targets - Soccer Goals for Backyard - Standard Size (2 Pack),Open Goaaal,279.99,559.0,4.3
B079THJH1W,Open Goaaal Soccer Rebounder/Goal/Backstop All-in-One (Standard),Open Goaaal,264.0,559.0,4.3
B0CVQVC17N,"FORM 36 Volt Golf Cart Battery Charger for EZGO TXT - D Style Plug - 36V Lithium, LiFePO4, Lead Acid - Elite Version",FORM,259.95,1825.0,4.6000000000000005
B0CQ7L4RMM,"DOVOH 360 Laser Level Self Leveling : Heavy Duty 3 Plane Construction Laser Levels 3D Green Rechargeable for Contractor Tiling Ceiling, Class Ⅱ, P3-360G",DOVOH,249.99,22.0,4.8
B0CWSCD9C9,FORM 48 Volt Golf Cart Battery Charger for Yamaha G29 Drive & Drive 2-48V 15AMP Lead Acid,FORM,249.95,262.0,4.6000000000000005
B0D9C18N2T,FORM 36 Volt Golf Cart Battery Charger EZGO Marathon with Anderson SB-50 Style Plug - 36V 18AMP Lead Acid,FORM,249.95,91.0,4.3
B0D9C1PTFT,FORM 48 Volt Golf Cart Battery Charger for Yamaha G19-G22-48V 15AMP Lead Acid,FORM,249.95,171.0,4.5
B085RHRC26,Open Goaaal Soccer Goal Net & Soccer Backstop Net with Rebounder - Soccer Nets for Backyard All in One & Practice Targets - Soccer Goals for Backyard - Junior Size (2 Pack),Open Goaaal,239.99,559.0,4.3
B07KPNK69R,Open Goaaal - Soccer Rebounder/Goal/Backstop All-in-One (Junior),Open Goaaal,224.0,558.0,4.3
B08S7G8R1F,"ALLWEI 100W Portable Solar Panel for 300/500W Power Station Solar Generator, 18V Solar Battery Charger with 5.5 * 2.1MM Port, Adjustable Kickstand, Waterproof IP68 for RV Camping Outdoor Home Use",ALLWEI,199.0,84.0,4.3
B07DCF24YJ,"KUMA Professional Damascus Knife - 8 Inch Japanese Chef Knife, AUS10 Core - Corrosion And Stain Resistant - G10 Handle & Sheath Made Of Hardened Carbon steel",KUMA,144.97,439.0,4.699999999999999
B0CXBRXD4G,"PIURIFY Hydrogen Water Bottle. Food Grade Body Tumbler; SPE/pem Technology, Generates Real 3000ppb Pure Hydrogen Rich Concentration. Dupont Membrane, Purification Vent. (Black)",PIURIFY,139.99,124.0,4.5
B01N2LP1I0,DELIÉ 010 High Compression Girdle for Women Fajas Colombianas Tummy Control Shapewear BBL Effect,FAJAS DISENOS D'PRADA,113.0,1625.0,4.2
B0CN6962N1,"Heavy Duty Fire Pit Tools Set with 40"" Fire Poker and Log Grabber Wrought Iron Large Fireplace Tool Set with Metal Stand,Solid Steel Firewood Grabber for Campfire Backyard Bonfire Indoor&Outdoor Use",CKLT,109.99,613.0,4.8
B01N45MSAV,"DELIE Faja Colombiana 021 High Compression Garment Butt Lift Shapewear Tummy Control, Fajas Colombianas Moldeadoras",FAJAS DISENOS D'PRADA,101.0,202.0,4.1
